dataset,method,metric_name,metric_value,ci_lower,ci_upper,feature_dim,best_c,best_lr,best_batch_size,n_train,n_val,n_test,seed,model,name,normalization,image_size,interpolation,partition,bands,c_range_start,c_range_stop,c_range_num,merge_val,bootstrap,fw_iou,precision,recall,f1
m-eurosat,knn5,accuracy,0.86,0.8379999995231628,0.8860499784350395,192,,,,2000,1000,1000,0,src.models.TimmPatchBenchModel,vit_tiny_patch16_224_avg,mean_stdev,224,bilinear,default,,-7,2,20,True,200,,,,
m-eurosat,linear,accuracy,0.917,0.8979750022292137,0.9320249825716018,192,1.274274985703132,,,2000,1000,1000,0,src.models.TimmPatchBenchModel,vit_tiny_patch16_224_avg,mean_stdev,224,bilinear,default,,-7,2,20,True,200,,,,
m-eurosat,knn5,accuracy,0.812,0.7869750007987022,0.8380499988794327,192,,,,2000,1000,1000,0,src.models.TimmPatchBenchModel,vit_tiny_patch16_224_cls,mean_stdev,224,bilinear,default,,-7,2,20,True,200,,,,
m-eurosat,linear,accuracy,0.912,0.893974994122982,0.9300250068306924,192,0.0054555947811685,,,2000,1000,1000,0,src.models.TimmPatchBenchModel,vit_tiny_patch16_224_cls,mean_stdev,224,bilinear,default,,-7,2,20,True,200,,,,
m-eurosat,knn5,accuracy,0.856,0.8299999833106995,0.878000020980835,384,,,,2000,1000,1000,0,src.models.TimmPatchBenchModel,vit_small_patch16_224_avg,mean_stdev,224,bilinear,default,,-7,2,20,True,200,,,,
m-eurosat,linear,accuracy,0.944,0.9290000200271606,0.9570250168442728,384,0.1438449888287662,,,2000,1000,1000,0,src.models.TimmPatchBenchModel,vit_small_patch16_224_avg,mean_stdev,224,bilinear,default,,-7,2,20,True,200,,,,
m-eurosat,knn5,accuracy,0.848,0.8249749884009361,0.8690250173211098,384,,,,2000,1000,1000,0,src.models.TimmPatchBenchModel,vit_small_patch16_224_cls,mean_stdev,224,bilinear,default,,-7,2,20,True,200,,,,
m-eurosat,linear,accuracy,0.934,0.9179499834775924,0.9470250263810158,384,3.792690190732246,,,2000,1000,1000,0,src.models.TimmPatchBenchModel,vit_small_patch16_224_cls,mean_stdev,224,bilinear,default,,-7,2,20,True,200,,,,
m-eurosat,knn5,accuracy,0.825,0.800000011920929,0.8450250282883645,768,,,,2000,1000,1000,0,src.models.TimmPatchBenchModel,vit_base_patch16_224_avg,mean_stdev,224,bilinear,default,,-7,2,20,True,200,,,,
m-eurosat,linear,accuracy,0.946,0.9319999814033508,0.959024991095066,768,100.0,,,2000,1000,1000,0,src.models.TimmPatchBenchModel,vit_base_patch16_224_avg,mean_stdev,224,bilinear,default,,-7,2,20,True,200,,,,
m-eurosat,knn5,accuracy,0.817,0.7928999826312065,0.8410250201821328,768,,,,2000,1000,1000,0,src.models.TimmPatchBenchModel,vit_base_patch16_224_cls,mean_stdev,224,bilinear,default,,-7,2,20,True,200,,,,
m-eurosat,linear,accuracy,0.934,0.9190000295639038,0.9490250006318092,768,0.1438449888287662,,,2000,1000,1000,0,src.models.TimmPatchBenchModel,vit_base_patch16_224_cls,mean_stdev,224,bilinear,default,,-7,2,20,True,200,,,,
m-eurosat,knn5,accuracy,0.881,0.8569749936461448,0.9049999713897704,1024,,,,2000,1000,1000,0,src.models.TimmPatchBenchModel,vit_large_patch16_224_avg,mean_stdev,224,bilinear,default,,-7,2,20,True,200,,,,
m-eurosat,linear,accuracy,0.959,0.9459999799728394,0.9680249944329262,1024,0.4281332398719387,,,2000,1000,1000,0,src.models.TimmPatchBenchModel,vit_large_patch16_224_avg,mean_stdev,224,bilinear,default,,-7,2,20,True,200,,,,
m-eurosat,knn5,accuracy,0.895,0.8709749922156333,0.912025000154972,1024,,,,2000,1000,1000,0,src.models.TimmPatchBenchModel,vit_large_patch16_224_cls,mean_stdev,224,bilinear,default,,-7,2,20,True,200,,,,
m-eurosat,linear,accuracy,0.954,0.9429750174283982,0.9649999737739564,1024,0.0162377673918872,,,2000,1000,1000,0,src.models.TimmPatchBenchModel,vit_large_patch16_224_cls,mean_stdev,224,bilinear,default,,-7,2,20,True,200,,,,
m-eurosat,knn5,accuracy,0.921,0.9010000228881836,0.9380250230431556,1024,,,,2000,1000,1000,0,src.models.TimmPatchBenchModel,vit_large_patch16_dinov3_avg,mean_stdev,224,bilinear,default,,-7,2,20,True,200,,,,
m-eurosat,linear,accuracy,0.965,0.9539749965071678,0.9740249782800674,1024,0.4281332398719387,,,2000,1000,1000,0,src.models.TimmPatchBenchModel,vit_large_patch16_dinov3_avg,mean_stdev,224,bilinear,default,,-7,2,20,True,200,,,,
m-eurosat,knn5,accuracy,0.926,0.9069750055670738,0.9400249972939492,1024,,,,2000,1000,1000,0,src.models.TimmPatchBenchModel,vit_large_patch16_dinov3_cls,mean_stdev,224,bilinear,default,,-7,2,20,True,200,,,,
m-eurosat,linear,accuracy,0.948,0.9349750027060508,0.9600249797105788,1024,1.274274985703132,,,2000,1000,1000,0,src.models.TimmPatchBenchModel,vit_large_patch16_dinov3_cls,mean_stdev,224,bilinear,default,,-7,2,20,True,200,,,,
m-eurosat,knn5,accuracy,0.918,0.9009750217199326,0.9369999766349792,1024,,,,2000,1000,1000,0,src.models.TimmPatchBenchModel,vit_large_patch16_dinov3sat_avg,mean_stdev,224,bilinear,default,,-7,2,20,True,200,,,,
m-eurosat,linear,accuracy,0.968,0.9549999833106996,0.9789999723434448,1024,100.0,,,2000,1000,1000,0,src.models.TimmPatchBenchModel,vit_large_patch16_dinov3sat_avg,mean_stdev,224,bilinear,default,,-7,2,20,True,200,,,,
m-eurosat,knn5,accuracy,0.896,0.877975019812584,0.9170249953866004,1024,,,,2000,1000,1000,0,src.models.TimmPatchBenchModel,vit_large_patch16_dinov3sat_cls,mean_stdev,224,bilinear,default,,-7,2,20,True,200,,,,
m-eurosat,linear,accuracy,0.953,0.9409999847412108,0.9649999737739564,1024,0.1438449888287662,,,2000,1000,1000,0,src.models.TimmPatchBenchModel,vit_large_patch16_dinov3sat_cls,mean_stdev,224,bilinear,default,,-7,2,20,True,200,,,,
m-eurosat,knn5,accuracy,0.848,0.8230000138282776,0.8679999709129333,192,,,,2000,1000,1000,0,src.models.TimmPatchBenchModel,deit_tiny_patch16_224_avg,mean_stdev,224,bilinear,default,,-7,2,20,True,200,,,,
m-eurosat,linear,accuracy,0.92,0.9039999842643738,0.9360499903559684,192,0.1438449888287662,,,2000,1000,1000,0,src.models.TimmPatchBenchModel,deit_tiny_patch16_224_avg,mean_stdev,224,bilinear,default,,-7,2,20,True,200,,,,
m-eurosat,knn5,accuracy,0.779,0.7559999823570251,0.8009999990463257,192,,,,2000,1000,1000,0,src.models.TimmPatchBenchModel,deit_tiny_patch16_224_cls,mean_stdev,224,bilinear,default,,-7,2,20,True,200,,,,
m-eurosat,linear,accuracy,0.906,0.8889749988913536,0.9240250244736672,192,0.0162377673918872,,,2000,1000,1000,0,src.models.TimmPatchBenchModel,deit_tiny_patch16_224_cls,mean_stdev,224,bilinear,default,,-7,2,20,True,200,,,,
m-eurosat,knn5,accuracy,0.879,0.8569999933242798,0.8980250015854836,384,,,,2000,1000,1000,0,src.models.TimmPatchBenchModel,deit_small_patch16_224_avg,mean_stdev,224,bilinear,default,,-7,2,20,True,200,,,,
m-eurosat,linear,accuracy,0.937,0.9229749783873558,0.9539999961853028,384,0.1438449888287662,,,2000,1000,1000,0,src.models.TimmPatchBenchModel,deit_small_patch16_224_avg,mean_stdev,224,bilinear,default,,-7,2,20,True,200,,,,
m-eurosat,knn5,accuracy,0.799,0.7729500025510788,0.8210249811410903,384,,,,2000,1000,1000,0,src.models.TimmPatchBenchModel,deit_small_patch16_224_cls,mean_stdev,224,bilinear,default,,-7,2,20,True,200,,,,
m-eurosat,linear,accuracy,0.935,0.9200000166893004,0.9520000219345092,384,0.0483293023857175,,,2000,1000,1000,0,src.models.TimmPatchBenchModel,deit_small_patch16_224_cls,mean_stdev,224,bilinear,default,,-7,2,20,True,200,,,,
m-eurosat,knn5,accuracy,0.863,0.8409750193357468,0.8840000033378601,768,,,,2000,1000,1000,0,src.models.TimmPatchBenchModel,deit_base_patch16_224_avg,mean_stdev,224,bilinear,default,,-7,2,20,True,200,,,,
m-eurosat,linear,accuracy,0.957,0.9430000185966492,0.9700000286102296,768,0.1438449888287662,,,2000,1000,1000,0,src.models.TimmPatchBenchModel,deit_base_patch16_224_avg,mean_stdev,224,bilinear,default,,-7,2,20,True,200,,,,
m-eurosat,knn5,accuracy,0.834,0.8109749898314476,0.859025026857853,768,,,,2000,1000,1000,0,src.models.TimmPatchBenchModel,deit_base_patch16_224_cls,mean_stdev,224,bilinear,default,,-7,2,20,True,200,,,,
m-eurosat,linear,accuracy,0.954,0.9399999976158142,0.9679999947547911,768,0.1438449888287662,,,2000,1000,1000,0,src.models.TimmPatchBenchModel,deit_base_patch16_224_cls,mean_stdev,224,bilinear,default,,-7,2,20,True,200,,,,
m-so2sat,knn5,accuracy,0.4016227180527383,0.3721855945885181,0.4340770840644836,192,,,,19992,986,986,0,src.models.TimmPatchBenchModel,vit_tiny_patch16_224_avg,mean_stdev,224,bilinear,default,,-7,2,20,True,200,,,,
m-so2sat,linear,accuracy,0.5720081135902637,0.5415568113327026,0.6044878587126732,192,1.274274985703132,,,19992,986,986,0,src.models.TimmPatchBenchModel,vit_tiny_patch16_224_avg,mean_stdev,224,bilinear,default,,-7,2,20,True,200,,,,
m-so2sat,knn5,accuracy,0.3742393509127789,0.3458164401352405,0.4067951463162899,192,,,,19992,986,986,0,src.models.TimmPatchBenchModel,vit_tiny_patch16_224_cls,mean_stdev,224,bilinear,default,,-7,2,20,True,200,,,,
m-so2sat,linear,accuracy,0.592292089249493,0.5608519315719604,0.6258113831281662,192,0.0018329807108324,,,19992,986,986,0,src.models.TimmPatchBenchModel,vit_tiny_patch16_224_cls,mean_stdev,224,bilinear,default,,-7,2,20,True,200,,,,
m-so2sat,knn5,accuracy,0.4482758620689655,0.4168356955051422,0.4746703736484051,384,,,,19992,986,986,0,src.models.TimmPatchBenchModel,vit_small_patch16_224_avg,mean_stdev,224,bilinear,default,,-7,2,20,True,200,,,,
m-so2sat,linear,accuracy,0.6186612576064908,0.5912018328905105,0.648098373413086,384,0.0054555947811685,,,19992,986,986,0,src.models.TimmPatchBenchModel,vit_small_patch16_224_avg,mean_stdev,224,bilinear,default,,-7,2,20,True,200,,,,
m-so2sat,knn5,accuracy,0.4188640973630831,0.3873985774815082,0.4483012191951275,384,,,,19992,986,986,0,src.models.TimmPatchBenchModel,vit_small_patch16_224_cls,mean_stdev,224,bilinear,default,,-7,2,20,True,200,,,,
m-so2sat,linear,accuracy,0.6186612576064908,0.5882353186607361,0.6470588445663452,384,0.000615848211066,,,19992,986,986,0,src.models.TimmPatchBenchModel,vit_small_patch16_224_cls,mean_stdev,224,bilinear,default,,-7,2,20,True,200,,,,
m-so2sat,knn5,accuracy,0.4006085192697768,0.3731997974216938,0.4331135913729668,768,,,,19992,986,986,0,src.models.TimmPatchBenchModel,vit_base_patch16_224_avg,mean_stdev,224,bilinear,default,,-7,2,20,True,200,,,,
m-so2sat,linear,accuracy,0.5943204868154158,0.5669371485710144,0.6257860288023949,768,0.0054555947811685,,,19992,986,986,0,src.models.TimmPatchBenchModel,vit_base_patch16_224_avg,mean_stdev,224,bilinear,default,,-7,2,20,True,200,,,,
m-so2sat,knn5,accuracy,0.4168356997971602,0.3914553888142109,0.4472616612911224,768,,,,19992,986,986,0,src.models.TimmPatchBenchModel,vit_base_patch16_224_cls,mean_stdev,224,bilinear,default,,-7,2,20,True,200,,,,
m-so2sat,linear,accuracy,0.5953346855983773,0.5648833870887756,0.6278397306799889,768,0.000615848211066,,,19992,986,986,0,src.models.TimmPatchBenchModel,vit_base_patch16_224_cls,mean_stdev,224,bilinear,default,,-7,2,20,True,200,,,,
m-so2sat,knn5,accuracy,0.4421906693711968,0.4127282038331031,0.477839756757021,1024,,,,19992,986,986,0,src.models.TimmPatchBenchModel,vit_large_patch16_224_avg,mean_stdev,224,bilinear,default,,-7,2,20,True,200,,,,
m-so2sat,linear,accuracy,0.652129817444219,0.6226673260331154,0.6825811490416527,1024,0.0018329807108324,,,19992,986,986,0,src.models.TimmPatchBenchModel,vit_large_patch16_224_avg,mean_stdev,224,bilinear,default,,-7,2,20,True,200,,,,
m-so2sat,knn5,accuracy,0.460446247464503,0.4299949184060097,0.4898833565413952,1024,,,,19992,986,986,0,src.models.TimmPatchBenchModel,vit_large_patch16_224_cls,mean_stdev,224,bilinear,default,,-7,2,20,True,200,,,,
m-so2sat,linear,accuracy,0.6572008113590264,0.6236815586686134,0.6906947135925293,1024,0.0018329807108324,,,19992,986,986,0,src.models.TimmPatchBenchModel,vit_large_patch16_224_cls,mean_stdev,224,bilinear,default,,-7,2,20,True,200,,,,
m-so2sat,knn5,accuracy,0.4817444219066937,0.447236306220293,0.5081135630607605,1024,,,,19992,986,986,0,src.models.TimmPatchBenchModel,vit_large_patch16_dinov3_avg,mean_stdev,224,bilinear,default,,-7,2,20,True,200,,,,
m-so2sat,linear,accuracy,0.6764705882352942,0.6470334887504577,0.7069218993186951,1024,0.0483293023857175,,,19992,986,986,0,src.models.TimmPatchBenchModel,vit_large_patch16_dinov3_avg,mean_stdev,224,bilinear,default,,-7,2,20,True,200,,,,
m-so2sat,knn5,accuracy,0.4716024340770791,0.4431795246899128,0.5030679345130921,1024,,,,19992,986,986,0,src.models.TimmPatchBenchModel,vit_large_patch16_dinov3_cls,mean_stdev,224,bilinear,default,,-7,2,20,True,200,,,,
m-so2sat,linear,accuracy,0.6673427991886409,0.6338235273957252,0.6977687478065491,1024,0.0054555947811685,,,19992,986,986,0,src.models.TimmPatchBenchModel,vit_large_patch16_dinov3_cls,mean_stdev,224,bilinear,default,,-7,2,20,True,200,,,,
m-so2sat,knn5,accuracy,0.422920892494929,0.3853955268859863,0.4513438269495964,1024,,,,19992,986,986,0,src.models.TimmPatchBenchModel,vit_large_patch16_dinov3sat_avg,mean_stdev,224,bilinear,default,,-7,2,20,True,200,,,,
m-so2sat,linear,accuracy,0.6531440162271805,0.6196754574775696,0.6866379022598267,1024,0.1438449888287662,,,19992,986,986,0,src.models.TimmPatchBenchModel,vit_large_patch16_dinov3sat_avg,mean_stdev,224,bilinear,default,,-7,2,20,True,200,,,,
m-so2sat,knn5,accuracy,0.4249492900608519,0.3954868152737617,0.4554766736924648,1024,,,,19992,986,986,0,src.models.TimmPatchBenchModel,vit_large_patch16_dinov3sat_cls,mean_stdev,224,bilinear,default,,-7,2,20,True,200,,,,
m-so2sat,linear,accuracy,0.6308316430020284,0.5973123461008072,0.6622971534729004,1024,0.0054555947811685,,,19992,986,986,0,src.models.TimmPatchBenchModel,vit_large_patch16_dinov3sat_cls,mean_stdev,224,bilinear,default,,-7,2,20,True,200,,,,
m-so2sat,knn5,accuracy,0.4269776876267748,0.3975659310817718,0.4523580007255077,192,,,,19992,986,986,0,src.models.TimmPatchBenchModel,deit_tiny_patch16_224_avg,mean_stdev,224,bilinear,default,,-7,2,20,True,200,,,,
m-so2sat,linear,accuracy,0.5983772819472617,0.5679006114602089,0.6298174262046814,192,0.0483293023857175,,,19992,986,986,0,src.models.TimmPatchBenchModel,deit_tiny_patch16_224_avg,mean_stdev,224,bilinear,default,,-7,2,20,True,200,,,,
m-so2sat,knn5,accuracy,0.3823529411764705,0.3488843739032745,0.4108772829174996,192,,,,19992,986,986,0,src.models.TimmPatchBenchModel,deit_tiny_patch16_224_cls,mean_stdev,224,bilinear,default,,-7,2,20,True,200,,,,
m-so2sat,linear,accuracy,0.579107505070994,0.548605491220951,0.6116126030683517,192,0.0018329807108324,,,19992,986,986,0,src.models.TimmPatchBenchModel,deit_tiny_patch16_224_cls,mean_stdev,224,bilinear,default,,-7,2,20,True,200,,,,
m-so2sat,knn5,accuracy,0.4239350912778905,0.3955375254154205,0.4564148120582104,384,,,,19992,986,986,0,src.models.TimmPatchBenchModel,deit_small_patch16_224_avg,mean_stdev,224,bilinear,default,,-7,2,20,True,200,,,,
m-so2sat,linear,accuracy,0.6044624746450304,0.5760141760110855,0.633874237537384,384,0.0162377673918872,,,19992,986,986,0,src.models.TimmPatchBenchModel,deit_small_patch16_224_avg,mean_stdev,224,bilinear,default,,-7,2,20,True,200,,,,
m-so2sat,knn5,accuracy,0.396551724137931,0.3721602395176887,0.4269776940345764,384,,,,19992,986,986,0,src.models.TimmPatchBenchModel,deit_small_patch16_224_cls,mean_stdev,224,bilinear,default,,-7,2,20,True,200,,,,
m-so2sat,linear,accuracy,0.6085192697768763,0.5841277971863746,0.6379817590117455,384,0.0162377673918872,,,19992,986,986,0,src.models.TimmPatchBenchModel,deit_small_patch16_224_cls,mean_stdev,224,bilinear,default,,-7,2,20,True,200,,,,
m-so2sat,knn5,accuracy,0.4107505070993915,0.3842799045145512,0.4421906769275665,768,,,,19992,986,986,0,src.models.TimmPatchBenchModel,deit_base_patch16_224_avg,mean_stdev,224,bilinear,default,,-7,2,20,True,200,,,,
m-so2sat,linear,accuracy,0.6125760649087221,0.5862069129943848,0.642013156414032,768,0.0162377673918872,,,19992,986,986,0,src.models.TimmPatchBenchModel,deit_base_patch16_224_avg,mean_stdev,224,bilinear,default,,-7,2,20,True,200,,,,
m-so2sat,knn5,accuracy,0.4016227180527383,0.3671146102249622,0.4320740334689617,768,,,,19992,986,986,0,src.models.TimmPatchBenchModel,deit_base_patch16_224_cls,mean_stdev,224,bilinear,default,,-7,2,20,True,200,,,,
m-so2sat,linear,accuracy,0.6044624746450304,0.580070985853672,0.6339503020048142,768,0.0162377673918872,,,19992,986,986,0,src.models.TimmPatchBenchModel,deit_base_patch16_224_cls,mean_stdev,224,bilinear,default,,-7,2,20,True,200,,,,
m-bigearthnet,knn5,micro_mAP,0.4582994666044066,0.44087085127830505,0.4741734564304352,192,,,,20000,1000,1000,0,torchgeo_bench.models.TimmPatchBenchModel,vit_tiny_patch16_224_avg,raw,224,bilinear,default,rgb,-7,2,20,True,200,,,,
m-bigearthnet,linear,micro_mAP,0.5808935782418727,0.5637526512145996,0.596514880657196,192,0.04832930238571752,,,20000,1000,1000,0,torchgeo_bench.models.TimmPatchBenchModel,vit_tiny_patch16_224_avg,raw,224,bilinear,default,rgb,-7,2,20,True,200,,,,
m-bigearthnet,knn5,micro_mAP,0.45752889421190324,0.43742477893829346,0.4757753610610962,192,,,,20000,1000,1000,0,torchgeo_bench.models.TimmPatchBenchModel,vit_tiny_patch16_224_cls,raw,224,bilinear,default,rgb,-7,2,20,True,200,,,,
m-bigearthnet,linear,micro_mAP,0.5940247357813666,0.57732754945755,0.6095969080924988,192,0.0018329807108324338,,,20000,1000,1000,0,torchgeo_bench.models.TimmPatchBenchModel,vit_tiny_patch16_224_cls,raw,224,bilinear,default,rgb,-7,2,20,True,200,,,,
m-bigearthnet,knn5,micro_mAP,0.4830091770533207,0.46413812041282654,0.5014640688896179,384,,,,20000,1000,1000,0,torchgeo_bench.models.TimmPatchBenchModel,vit_small_patch16_224_avg,raw,224,bilinear,default,rgb,-7,2,20,True,200,,,,
m-bigearthnet,linear,micro_mAP,0.62341368888914,0.6074545979499817,0.6398289799690247,384,0.04832930238571752,,,20000,1000,1000,0,torchgeo_bench.models.TimmPatchBenchModel,vit_small_patch16_224_avg,raw,224,bilinear,default,rgb,-7,2,20,True,200,,,,
m-bigearthnet,knn5,micro_mAP,0.48962477841218655,0.4736608862876892,0.5064114928245544,384,,,,20000,1000,1000,0,torchgeo_bench.models.TimmPatchBenchModel,vit_small_patch16_224_cls,raw,224,bilinear,default,rgb,-7,2,20,True,200,,,,
m-bigearthnet,linear,micro_mAP,0.6450936939520796,0.6289885640144348,0.6612424850463867,384,0.005455594781168515,,,20000,1000,1000,0,torchgeo_bench.models.TimmPatchBenchModel,vit_small_patch16_224_cls,raw,224,bilinear,default,rgb,-7,2,20,True,200,,,,
m-bigearthnet,knn5,micro_mAP,0.4847471144473825,0.46635112166404724,0.5026931166648865,768,,,,20000,1000,1000,0,torchgeo_bench.models.TimmPatchBenchModel,vit_base_patch16_224_avg,raw,224,bilinear,default,rgb,-7,2,20,True,200,,,,
m-bigearthnet,linear,micro_mAP,0.6499258487129751,0.6339147686958313,0.6663981080055237,768,0.04832930238571752,,,20000,1000,1000,0,torchgeo_bench.models.TimmPatchBenchModel,vit_base_patch16_224_avg,raw,224,bilinear,default,rgb,-7,2,20,True,200,,,,
m-bigearthnet,knn5,micro_mAP,0.4791480337255288,0.4619443118572235,0.497096449136734,768,,,,20000,1000,1000,0,torchgeo_bench.models.TimmPatchBenchModel,vit_base_patch16_224_cls,raw,224,bilinear,default,rgb,-7,2,20,True,200,,,,
m-bigearthnet,linear,micro_mAP,0.6488288862459028,0.6331527829170227,0.6671906113624573,768,0.005455594781168515,,,20000,1000,1000,0,torchgeo_bench.models.TimmPatchBenchModel,vit_base_patch16_224_cls,raw,224,bilinear,default,rgb,-7,2,20,True,200,,,,
m-bigearthnet,knn5,micro_mAP,0.5191263939862077,0.5006386041641235,0.5354893803596497,1024,,,,20000,1000,1000,0,torchgeo_bench.models.TimmPatchBenchModel,vit_large_patch16_224_avg,raw,224,bilinear,default,rgb,-7,2,20,True,200,,,,
m-bigearthnet,linear,micro_mAP,0.6825875396451261,0.6689821481704712,0.696967363357544,1024,0.01623776739188721,,,20000,1000,1000,0,torchgeo_bench.models.TimmPatchBenchModel,vit_large_patch16_224_avg,raw,224,bilinear,default,rgb,-7,2,20,True,200,,,,
m-bigearthnet,knn5,micro_mAP,0.5380537509567034,0.5182092785835266,0.5572658777236938,1024,,,,20000,1000,1000,0,torchgeo_bench.models.TimmPatchBenchModel,vit_large_patch16_224_cls,raw,224,bilinear,default,rgb,-7,2,20,True,200,,,,
m-bigearthnet,linear,micro_mAP,0.6849962891169111,0.668619692325592,0.7033055424690247,1024,0.0018329807108324338,,,20000,1000,1000,0,torchgeo_bench.models.TimmPatchBenchModel,vit_large_patch16_224_cls,raw,224,bilinear,default,rgb,-7,2,20,True,200,,,,
m-bigearthnet,knn5,micro_mAP,0.583557070883433,0.5669528245925903,0.6003715395927429,1024,,,,20000,1000,1000,0,torchgeo_bench.models.TimmPatchBenchModel,vit_large_patch16_dinov3_avg,raw,224,bilinear,default,rgb,-7,2,20,True,200,,,,
m-bigearthnet,linear,micro_mAP,0.7094702269648581,0.6956433653831482,0.7247042059898376,1024,1.2742749857031321,,,20000,1000,1000,0,torchgeo_bench.models.TimmPatchBenchModel,vit_large_patch16_dinov3_avg,raw,224,bilinear,default,rgb,-7,2,20,True,200,,,,
m-bigearthnet,knn5,micro_mAP,0.5911730269104061,0.5750903487205505,0.6062598824501038,1024,,,,20000,1000,1000,0,torchgeo_bench.models.TimmPatchBenchModel,vit_large_patch16_dinov3_cls,raw,224,bilinear,default,rgb,-7,2,20,True,200,,,,
m-bigearthnet,linear,micro_mAP,0.7195779763294216,0.7051266431808472,0.7336856722831726,1024,0.14384498882876628,,,20000,1000,1000,0,torchgeo_bench.models.TimmPatchBenchModel,vit_large_patch16_dinov3_cls,raw,224,bilinear,default,rgb,-7,2,20,True,200,,,,
m-bigearthnet,knn5,micro_mAP,0.6248910483530994,0.6081863045692444,0.6404684782028198,1024,,,,20000,1000,1000,0,torchgeo_bench.models.TimmPatchBenchModel,vit_large_patch16_dinov3sat_avg,raw,224,bilinear,default,rgb,-7,2,20,True,200,,,,
m-bigearthnet,linear,micro_mAP,0.7414556480575926,0.7289383411407471,0.7563132047653198,1024,3.792690190732246,,,20000,1000,1000,0,torchgeo_bench.models.TimmPatchBenchModel,vit_large_patch16_dinov3sat_avg,raw,224,bilinear,default,rgb,-7,2,20,True,200,,,,
m-bigearthnet,knn5,micro_mAP,0.6275062561136312,0.6112163066864014,0.6431098580360413,1024,,,,20000,1000,1000,0,torchgeo_bench.models.TimmPatchBenchModel,vit_large_patch16_dinov3sat_cls,raw,224,bilinear,default,rgb,-7,2,20,True,200,,,,
m-bigearthnet,linear,micro_mAP,0.741409860009867,0.7280738949775696,0.7567482590675354,1024,0.04832930238571752,,,20000,1000,1000,0,torchgeo_bench.models.TimmPatchBenchModel,vit_large_patch16_dinov3sat_cls,raw,224,bilinear,default,rgb,-7,2,20,True,200,,,,
m-bigearthnet,knn5,micro_mAP,0.4430298403280644,0.4226924180984497,0.4603942334651947,192,,,,20000,1000,1000,0,torchgeo_bench.models.TimmPatchBenchModel,deit_tiny_patch16_224_avg,raw,224,bilinear,default,rgb,-7,2,20,True,200,,,,
m-bigearthnet,linear,micro_mAP,0.5485198533289339,0.5322793126106262,0.5647449493408203,192,0.14384498882876628,,,20000,1000,1000,0,torchgeo_bench.models.TimmPatchBenchModel,deit_tiny_patch16_224_avg,raw,224,bilinear,default,rgb,-7,2,20,True,200,,,,
m-bigearthnet,knn5,micro_mAP,0.4233507459058673,0.4039143919944763,0.44407299160957336,192,,,,20000,1000,1000,0,torchgeo_bench.models.TimmPatchBenchModel,deit_tiny_patch16_224_cls,raw,224,bilinear,default,rgb,-7,2,20,True,200,,,,
m-bigearthnet,linear,micro_mAP,0.5626685385696204,0.5462057590484619,0.5782716870307922,192,0.01623776739188721,,,20000,1000,1000,0,torchgeo_bench.models.TimmPatchBenchModel,deit_tiny_patch16_224_cls,raw,224,bilinear,default,rgb,-7,2,20,True,200,,,,
m-bigearthnet,knn5,micro_mAP,0.49915242664122544,0.48208901286125183,0.5180173516273499,384,,,,20000,1000,1000,0,torchgeo_bench.models.TimmPatchBenchModel,deit_small_patch16_224_avg,raw,224,bilinear,default,rgb,-7,2,20,True,200,,,,
m-bigearthnet,linear,micro_mAP,0.6127523268549078,0.5960939526557922,0.6289322972297668,384,0.04832930238571752,,,20000,1000,1000,0,torchgeo_bench.models.TimmPatchBenchModel,deit_small_patch16_224_avg,raw,224,bilinear,default,rgb,-7,2,20,True,200,,,,
m-bigearthnet,knn5,micro_mAP,0.4458547340224952,0.4300200641155243,0.46252739429473877,384,,,,20000,1000,1000,0,torchgeo_bench.models.TimmPatchBenchModel,deit_small_patch16_224_cls,raw,224,bilinear,default,rgb,-7,2,20,True,200,,,,
m-bigearthnet,linear,micro_mAP,0.6065800647820803,0.5909641981124878,0.6222856640815735,384,0.01623776739188721,,,20000,1000,1000,0,torchgeo_bench.models.TimmPatchBenchModel,deit_small_patch16_224_cls,raw,224,bilinear,default,rgb,-7,2,20,True,200,,,,
m-bigearthnet,knn5,micro_mAP,0.500839041107091,0.4849283993244171,0.5199548602104187,768,,,,20000,1000,1000,0,torchgeo_bench.models.TimmPatchBenchModel,deit_base_patch16_224_avg,raw,224,bilinear,default,rgb,-7,2,20,True,200,,,,
m-bigearthnet,linear,micro_mAP,0.656502139559203,0.639296293258667,0.6707647442817688,768,0.01623776739188721,,,20000,1000,1000,0,torchgeo_bench.models.TimmPatchBenchModel,deit_base_patch16_224_avg,raw,224,bilinear,default,rgb,-7,2,20,True,200,,,,
m-bigearthnet,knn5,micro_mAP,0.46995597843466086,0.4514366090297699,0.49085733294487,768,,,,20000,1000,1000,0,torchgeo_bench.models.TimmPatchBenchModel,deit_base_patch16_224_cls,raw,224,bilinear,default,rgb,-7,2,20,True,200,,,,
m-bigearthnet,linear,micro_mAP,0.6483540056212661,0.630983829498291,0.6646131873130798,768,0.01623776739188721,,,20000,1000,1000,0,torchgeo_bench.models.TimmPatchBenchModel,deit_base_patch16_224_cls,raw,224,bilinear,default,rgb,-7,2,20,True,200,,,,
m-brick-kiln,knn5,accuracy,0.9119119119119119,0.8948948979377747,0.9299299120903015,192,,,,15063,999,999,0,torchgeo_bench.models.TimmPatchBenchModel,vit_tiny_patch16_224_avg,raw,224,bilinear,default,rgb,-7,2,20,True,200,,,,
m-brick-kiln,linear,accuracy,0.9429429429429429,0.9289289116859436,0.955955982208252,192,0.4281332398719387,,,15063,999,999,0,torchgeo_bench.models.TimmPatchBenchModel,vit_tiny_patch16_224_avg,raw,224,bilinear,default,rgb,-7,2,20,True,200,,,,
m-brick-kiln,knn5,accuracy,0.94994994994995,0.9369118809700012,0.9609609842300415,192,,,,15063,999,999,0,torchgeo_bench.models.TimmPatchBenchModel,vit_tiny_patch16_224_cls,raw,224,bilinear,default,rgb,-7,2,20,True,200,,,,
m-brick-kiln,linear,accuracy,0.953953953953954,0.9399399161338806,0.9639890193939209,192,0.0002069138081114788,,,15063,999,999,0,torchgeo_bench.models.TimmPatchBenchModel,vit_tiny_patch16_224_cls,raw,224,bilinear,default,rgb,-7,2,20,True,200,,,,
m-brick-kiln,knn5,accuracy,0.954954954954955,0.9429429173469543,0.9659910202026367,384,,,,15063,999,999,0,torchgeo_bench.models.TimmPatchBenchModel,vit_small_patch16_224_avg,raw,224,bilinear,default,rgb,-7,2,20,True,200,,,,
m-brick-kiln,linear,accuracy,0.96996996996997,0.9579329490661621,0.9789789915084839,384,0.14384498882876628,,,15063,999,999,0,torchgeo_bench.models.TimmPatchBenchModel,vit_small_patch16_224_avg,raw,224,bilinear,default,rgb,-7,2,20,True,200,,,,
m-brick-kiln,knn5,accuracy,0.95995995995996,0.9459459185600281,0.9689940214157104,384,,,,15063,999,999,0,torchgeo_bench.models.TimmPatchBenchModel,vit_small_patch16_224_cls,raw,224,bilinear,default,rgb,-7,2,20,True,200,,,,
m-brick-kiln,linear,accuracy,0.9719719719719719,0.9629629850387573,0.9800050258636475,384,0.0018329807108324338,,,15063,999,999,0,torchgeo_bench.models.TimmPatchBenchModel,vit_small_patch16_224_cls,raw,224,bilinear,default,rgb,-7,2,20,True,200,,,,
m-brick-kiln,knn5,accuracy,0.9569569569569569,0.9429429173469543,0.9689689874649048,768,,,,15063,999,999,0,torchgeo_bench.models.TimmPatchBenchModel,vit_base_patch16_224_avg,raw,224,bilinear,default,rgb,-7,2,20,True,200,,,,
m-brick-kiln,linear,accuracy,0.9769769769769769,0.9679429531097412,0.985010027885437,768,0.005455594781168515,,,15063,999,999,0,torchgeo_bench.models.TimmPatchBenchModel,vit_base_patch16_224_avg,raw,224,bilinear,default,rgb,-7,2,20,True,200,,,,
m-brick-kiln,knn5,accuracy,0.958958958958959,0.9459208846092224,0.9699950218200684,768,,,,15063,999,999,0,torchgeo_bench.models.TimmPatchBenchModel,vit_base_patch16_224_cls,raw,224,bilinear,default,rgb,-7,2,20,True,200,,,,
m-brick-kiln,linear,accuracy,0.977977977977978,0.9689689874649048,0.9860110282897949,768,0.005455594781168515,,,15063,999,999,0,torchgeo_bench.models.TimmPatchBenchModel,vit_base_patch16_224_cls,raw,224,bilinear,default,rgb,-7,2,20,True,200,,,,
m-brick-kiln,knn5,accuracy,0.9409409409409409,0.924924910068512,0.9529529809951782,1024,,,,15063,999,999,0,torchgeo_bench.models.TimmPatchBenchModel,vit_large_patch16_224_avg,raw,224,bilinear,default,rgb,-7,2,20,True,200,,,,
m-brick-kiln,linear,accuracy,0.974974974974975,0.965965986251831,0.9839839935302734,1024,0.04832930238571752,,,15063,999,999,0,torchgeo_bench.models.TimmPatchBenchModel,vit_large_patch16_224_avg,raw,224,bilinear,default,rgb,-7,2,20,True,200,,,,
m-brick-kiln,knn5,accuracy,0.9369369369369369,0.9219219088554382,0.9510010480880737,1024,,,,15063,999,999,0,torchgeo_bench.models.TimmPatchBenchModel,vit_large_patch16_224_cls,raw,224,bilinear,default,rgb,-7,2,20,True,200,,,,
m-brick-kiln,linear,accuracy,0.970970970970971,0.9599599838256836,0.9800050258636475,1024,0.0018329807108324338,,,15063,999,999,0,torchgeo_bench.models.TimmPatchBenchModel,vit_large_patch16_224_cls,raw,224,bilinear,default,rgb,-7,2,20,True,200,,,,
m-brick-kiln,knn5,accuracy,0.8858858858858859,0.8638388514518738,0.90190190076828,1024,,,,15063,999,999,0,torchgeo_bench.models.TimmPatchBenchModel,vit_large_patch16_dinov3_avg,raw,224,bilinear,default,rgb,-7,2,20,True,200,,,,
m-brick-kiln,linear,accuracy,0.9619619619619619,0.949924886226654,0.9729980230331421,1024,1.2742749857031321,,,15063,999,999,0,torchgeo_bench.models.TimmPatchBenchModel,vit_large_patch16_dinov3_avg,raw,224,bilinear,default,rgb,-7,2,20,True,200,,,,
m-brick-kiln,knn5,accuracy,0.924924924924925,0.9098848700523376,0.9389389157295227,1024,,,,15063,999,999,0,torchgeo_bench.models.TimmPatchBenchModel,vit_large_patch16_dinov3_cls,raw,224,bilinear,default,rgb,-7,2,20,True,200,,,,
m-brick-kiln,linear,accuracy,0.972972972972973,0.9619619846343994,0.9820070266723633,1024,0.14384498882876628,,,15063,999,999,0,torchgeo_bench.models.TimmPatchBenchModel,vit_large_patch16_dinov3_cls,raw,224,bilinear,default,rgb,-7,2,20,True,200,,,,
m-brick-kiln,knn5,accuracy,0.8888888888888888,0.8648398518562317,0.9059059023857117,1024,,,,15063,999,999,0,torchgeo_bench.models.TimmPatchBenchModel,vit_large_patch16_dinov3sat_avg,raw,224,bilinear,default,rgb,-7,2,20,True,200,,,,
m-brick-kiln,linear,accuracy,0.974974974974975,0.9649649858474731,0.9829829931259155,1024,1.2742749857031321,,,15063,999,999,0,torchgeo_bench.models.TimmPatchBenchModel,vit_large_patch16_dinov3sat_avg,raw,224,bilinear,default,rgb,-7,2,20,True,200,,,,
m-brick-kiln,knn5,accuracy,0.954954954954955,0.9439439177513123,0.966966986656189,1024,,,,15063,999,999,0,torchgeo_bench.models.TimmPatchBenchModel,vit_large_patch16_dinov3sat_cls,raw,224,bilinear,default,rgb,-7,2,20,True,200,,,,
m-brick-kiln,linear,accuracy,0.974974974974975,0.9639639854431152,0.9839839935302734,1024,0.01623776739188721,,,15063,999,999,0,torchgeo_bench.models.TimmPatchBenchModel,vit_large_patch16_dinov3sat_cls,raw,224,bilinear,default,rgb,-7,2,20,True,200,,,,
m-brick-kiln,knn5,accuracy,0.8888888888888888,0.8718468546867371,0.9059309363365173,192,,,,15063,999,999,0,torchgeo_bench.models.TimmPatchBenchModel,deit_tiny_patch16_224_avg,raw,224,bilinear,default,rgb,-7,2,20,True,200,,,,
m-brick-kiln,linear,accuracy,0.934934934934935,0.9199199080467224,0.9479729533195496,192,0.14384498882876628,,,15063,999,999,0,torchgeo_bench.models.TimmPatchBenchModel,deit_tiny_patch16_224_avg,raw,224,bilinear,default,rgb,-7,2,20,True,200,,,,
m-brick-kiln,knn5,accuracy,0.938938938938939,0.9228728413581848,0.951977014541626,192,,,,15063,999,999,0,torchgeo_bench.models.TimmPatchBenchModel,deit_tiny_patch16_224_cls,raw,224,bilinear,default,rgb,-7,2,20,True,200,,,,
m-brick-kiln,linear,accuracy,0.960960960960961,0.9499499201774597,0.9709709882736206,192,0.01623776739188721,,,15063,999,999,0,torchgeo_bench.models.TimmPatchBenchModel,deit_tiny_patch16_224_cls,raw,224,bilinear,default,rgb,-7,2,20,True,200,,,,
m-brick-kiln,knn5,accuracy,0.948948948948949,0.9349349141120911,0.9589589834213257,384,,,,15063,999,999,0,torchgeo_bench.models.TimmPatchBenchModel,deit_small_patch16_224_avg,raw,224,bilinear,default,rgb,-7,2,20,True,200,,,,
m-brick-kiln,linear,accuracy,0.9629629629629629,0.9519519805908203,0.9719970226287842,384,0.01623776739188721,,,15063,999,999,0,torchgeo_bench.models.TimmPatchBenchModel,deit_small_patch16_224_avg,raw,224,bilinear,default,rgb,-7,2,20,True,200,,,,
m-brick-kiln,knn5,accuracy,0.9519519519519519,0.9379379153251648,0.9619619846343994,384,,,,15063,999,999,0,torchgeo_bench.models.TimmPatchBenchModel,deit_small_patch16_224_cls,raw,224,bilinear,default,rgb,-7,2,20,True,200,,,,
m-brick-kiln,linear,accuracy,0.9669669669669669,0.9539539813995361,0.9749749898910522,384,0.0018329807108324338,,,15063,999,999,0,torchgeo_bench.models.TimmPatchBenchModel,deit_small_patch16_224_cls,raw,224,bilinear,default,rgb,-7,2,20,True,200,,,,
m-brick-kiln,knn5,accuracy,0.9479479479479479,0.9339339137077332,0.9589589834213257,768,,,,15063,999,999,0,torchgeo_bench.models.TimmPatchBenchModel,deit_base_patch16_224_avg,raw,224,bilinear,default,rgb,-7,2,20,True,200,,,,
m-brick-kiln,linear,accuracy,0.9769769769769769,0.9679679870605469,0.985010027885437,768,0.01623776739188721,,,15063,999,999,0,torchgeo_bench.models.TimmPatchBenchModel,deit_base_patch16_224_avg,raw,224,bilinear,default,rgb,-7,2,20,True,200,,,,
m-brick-kiln,knn5,accuracy,0.9629629629629629,0.9509509801864624,0.9739990234375,768,,,,15063,999,999,0,torchgeo_bench.models.TimmPatchBenchModel,deit_base_patch16_224_cls,raw,224,bilinear,default,rgb,-7,2,20,True,200,,,,
m-brick-kiln,linear,accuracy,0.977977977977978,0.9679679870605469,0.9869869947433472,768,0.01623776739188721,,,15063,999,999,0,torchgeo_bench.models.TimmPatchBenchModel,deit_base_patch16_224_cls,raw,224,bilinear,default,rgb,-7,2,20,True,200,,,,
m-eurosat,knn5,accuracy,0.867,0.8450000286102295,0.8920249938964844,192,,,,2000,1000,1000,0,torchgeo_bench.models.TimmPatchBenchModel,vit_tiny_patch16_224_avg,raw,224,bilinear,default,rgb,-7,2,20,True,200,,,,
m-eurosat,linear,accuracy,0.929,0.9099750518798828,0.9430249929428101,192,0.14384498882876628,,,2000,1000,1000,0,torchgeo_bench.models.TimmPatchBenchModel,vit_tiny_patch16_224_avg,raw,224,bilinear,default,rgb,-7,2,20,True,200,,,,
m-eurosat,knn5,accuracy,0.82,0.7969750165939331,0.8450000286102295,192,,,,2000,1000,1000,0,torchgeo_bench.models.TimmPatchBenchModel,vit_tiny_patch16_224_cls,raw,224,bilinear,default,rgb,-7,2,20,True,200,,,,
m-eurosat,linear,accuracy,0.91,0.8920000195503235,0.9279999732971191,192,0.005455594781168515,,,2000,1000,1000,0,torchgeo_bench.models.TimmPatchBenchModel,vit_tiny_patch16_224_cls,raw,224,bilinear,default,rgb,-7,2,20,True,200,,,,
m-eurosat,knn5,accuracy,0.86,0.834975004196167,0.8820500373840332,384,,,,2000,1000,1000,0,torchgeo_bench.models.TimmPatchBenchModel,vit_small_patch16_224_avg,raw,224,bilinear,default,rgb,-7,2,20,True,200,,,,
m-eurosat,linear,accuracy,0.945,0.9289750456809998,0.9570249915122986,384,3.792690190732246,,,2000,1000,1000,0,torchgeo_bench.models.TimmPatchBenchModel,vit_small_patch16_224_avg,raw,224,bilinear,default,rgb,-7,2,20,True,200,,,,
m-eurosat,knn5,accuracy,0.846,0.822950005531311,0.8700000047683716,384,,,,2000,1000,1000,0,torchgeo_bench.models.TimmPatchBenchModel,vit_small_patch16_224_cls,raw,224,bilinear,default,rgb,-7,2,20,True,200,,,,
m-eurosat,linear,accuracy,0.937,0.9209750294685364,0.9520000219345093,384,1.2742749857031321,,,2000,1000,1000,0,torchgeo_bench.models.TimmPatchBenchModel,vit_small_patch16_224_cls,raw,224,bilinear,default,rgb,-7,2,20,True,200,,,,
m-eurosat,knn5,accuracy,0.823,0.7979999780654907,0.8430249691009521,768,,,,2000,1000,1000,0,torchgeo_bench.models.TimmPatchBenchModel,vit_base_patch16_224_avg,raw,224,bilinear,default,rgb,-7,2,20,True,200,,,,
m-eurosat,linear,accuracy,0.949,0.9359999895095825,0.9620000123977661,768,3.792690190732246,,,2000,1000,1000,0,torchgeo_bench.models.TimmPatchBenchModel,vit_base_patch16_224_avg,raw,224,bilinear,default,rgb,-7,2,20,True,200,,,,
m-eurosat,knn5,accuracy,0.811,0.7869499921798706,0.8339999914169312,768,,,,2000,1000,1000,0,torchgeo_bench.models.TimmPatchBenchModel,vit_base_patch16_224_cls,raw,224,bilinear,default,rgb,-7,2,20,True,200,,,,
m-eurosat,linear,accuracy,0.936,0.9200000166893005,0.9500249624252319,768,0.14384498882876628,,,2000,1000,1000,0,torchgeo_bench.models.TimmPatchBenchModel,vit_base_patch16_224_cls,raw,224,bilinear,default,rgb,-7,2,20,True,200,,,,
m-eurosat,knn5,accuracy,0.88,0.8550000190734863,0.9030249714851379,1024,,,,2000,1000,1000,0,torchgeo_bench.models.TimmPatchBenchModel,vit_large_patch16_224_avg,raw,224,bilinear,default,rgb,-7,2,20,True,200,,,,
m-eurosat,linear,accuracy,0.957,0.9440000057220459,0.9679999947547913,1024,0.14384498882876628,,,2000,1000,1000,0,torchgeo_bench.models.TimmPatchBenchModel,vit_large_patch16_224_avg,raw,224,bilinear,default,rgb,-7,2,20,True,200,,,,
m-eurosat,knn5,accuracy,0.895,0.8709999918937683,0.9129999876022339,1024,,,,2000,1000,1000,0,torchgeo_bench.models.TimmPatchBenchModel,vit_large_patch16_224_cls,raw,224,bilinear,default,rgb,-7,2,20,True,200,,,,
m-eurosat,linear,accuracy,0.955,0.9430000185966492,0.9660000205039978,1024,0.04832930238571752,,,2000,1000,1000,0,torchgeo_bench.models.TimmPatchBenchModel,vit_large_patch16_224_cls,raw,224,bilinear,default,rgb,-7,2,20,True,200,,,,
m-eurosat,knn5,accuracy,0.917,0.8999499678611755,0.9350500106811523,1024,,,,2000,1000,1000,0,torchgeo_bench.models.TimmPatchBenchModel,vit_large_patch16_dinov3_avg,raw,224,bilinear,default,rgb,-7,2,20,True,200,,,,
m-eurosat,linear,accuracy,0.961,0.9480000138282776,0.9710249900817871,1024,11.288378916846883,,,2000,1000,1000,0,torchgeo_bench.models.TimmPatchBenchModel,vit_large_patch16_dinov3_avg,raw,224,bilinear,default,rgb,-7,2,20,True,200,,,,
m-eurosat,knn5,accuracy,0.921,0.9039999842643738,0.9359999895095825,1024,,,,2000,1000,1000,0,torchgeo_bench.models.TimmPatchBenchModel,vit_large_patch16_dinov3_cls,raw,224,bilinear,default,rgb,-7,2,20,True,200,,,,
m-eurosat,linear,accuracy,0.953,0.9380000233650208,0.9630249738693237,1024,0.4281332398719387,,,2000,1000,1000,0,torchgeo_bench.models.TimmPatchBenchModel,vit_large_patch16_dinov3_cls,raw,224,bilinear,default,rgb,-7,2,20,True,200,,,,
m-eurosat,knn5,accuracy,0.922,0.9029499888420105,0.9400500059127808,1024,,,,2000,1000,1000,0,torchgeo_bench.models.TimmPatchBenchModel,vit_large_patch16_dinov3sat_avg,raw,224,bilinear,default,rgb,-7,2,20,True,200,,,,
m-eurosat,linear,accuracy,0.968,0.9559999704360962,0.9769999980926514,1024,33.59818286283774,,,2000,1000,1000,0,torchgeo_bench.models.TimmPatchBenchModel,vit_large_patch16_dinov3sat_avg,raw,224,bilinear,default,rgb,-7,2,20,True,200,,,,
m-eurosat,knn5,accuracy,0.904,0.884975016117096,0.9250249862670898,1024,,,,2000,1000,1000,0,torchgeo_bench.models.TimmPatchBenchModel,vit_large_patch16_dinov3sat_cls,raw,224,bilinear,default,rgb,-7,2,20,True,200,,,,
m-eurosat,linear,accuracy,0.96,0.9479750394821167,0.9729999899864197,1024,100.0,,,2000,1000,1000,0,torchgeo_bench.models.TimmPatchBenchModel,vit_large_patch16_dinov3sat_cls,raw,224,bilinear,default,rgb,-7,2,20,True,200,,,,
m-eurosat,knn5,accuracy,0.849,0.8240000009536743,0.8700249791145325,192,,,,2000,1000,1000,0,torchgeo_bench.models.TimmPatchBenchModel,deit_tiny_patch16_224_avg,raw,224,bilinear,default,rgb,-7,2,20,True,200,,,,
m-eurosat,linear,accuracy,0.917,0.9010000228881836,0.9340000152587891,192,0.14384498882876628,,,2000,1000,1000,0,torchgeo_bench.models.TimmPatchBenchModel,deit_tiny_patch16_224_avg,raw,224,bilinear,default,rgb,-7,2,20,True,200,,,,
m-eurosat,knn5,accuracy,0.781,0.7590000033378601,0.8029999732971191,192,,,,2000,1000,1000,0,torchgeo_bench.models.TimmPatchBenchModel,deit_tiny_patch16_224_cls,raw,224,bilinear,default,rgb,-7,2,20,True,200,,,,
m-eurosat,linear,accuracy,0.903,0.8819750547409058,0.9210249781608582,192,0.04832930238571752,,,2000,1000,1000,0,torchgeo_bench.models.TimmPatchBenchModel,deit_tiny_patch16_224_cls,raw,224,bilinear,default,rgb,-7,2,20,True,200,,,,
m-eurosat,knn5,accuracy,0.882,0.8619250059127808,0.9010000228881836,384,,,,2000,1000,1000,0,torchgeo_bench.models.TimmPatchBenchModel,deit_small_patch16_224_avg,raw,224,bilinear,default,rgb,-7,2,20,True,200,,,,
m-eurosat,linear,accuracy,0.936,0.9199750423431396,0.9530249834060669,384,0.14384498882876628,,,2000,1000,1000,0,torchgeo_bench.models.TimmPatchBenchModel,deit_small_patch16_224_avg,raw,224,bilinear,default,rgb,-7,2,20,True,200,,,,
m-eurosat,knn5,accuracy,0.795,0.7709750533103943,0.8190000057220459,384,,,,2000,1000,1000,0,torchgeo_bench.models.TimmPatchBenchModel,deit_small_patch16_224_cls,raw,224,bilinear,default,rgb,-7,2,20,True,200,,,,
m-eurosat,linear,accuracy,0.932,0.9169750213623047,0.9470250010490417,384,0.14384498882876628,,,2000,1000,1000,0,torchgeo_bench.models.TimmPatchBenchModel,deit_small_patch16_224_cls,raw,224,bilinear,default,rgb,-7,2,20,True,200,,,,
m-eurosat,knn5,accuracy,0.865,0.8449750542640686,0.8860499858856201,768,,,,2000,1000,1000,0,torchgeo_bench.models.TimmPatchBenchModel,deit_base_patch16_224_avg,raw,224,bilinear,default,rgb,-7,2,20,True,200,,,,
m-eurosat,linear,accuracy,0.951,0.9349499940872192,0.9639999866485596,768,11.288378916846883,,,2000,1000,1000,0,torchgeo_bench.models.TimmPatchBenchModel,deit_base_patch16_224_avg,raw,224,bilinear,default,rgb,-7,2,20,True,200,,,,
m-eurosat,knn5,accuracy,0.836,0.8119999766349792,0.8600000143051147,768,,,,2000,1000,1000,0,torchgeo_bench.models.TimmPatchBenchModel,deit_base_patch16_224_cls,raw,224,bilinear,default,rgb,-7,2,20,True,200,,,,
m-eurosat,linear,accuracy,0.954,0.9419499635696411,0.9670000076293945,768,0.04832930238571752,,,2000,1000,1000,0,torchgeo_bench.models.TimmPatchBenchModel,deit_base_patch16_224_cls,raw,224,bilinear,default,rgb,-7,2,20,True,200,,,,
m-forestnet,knn5,accuracy,0.364551863041289,0.33836859464645386,0.3968026340007782,192,,,,6464,989,993,0,torchgeo_bench.models.TimmPatchBenchModel,vit_tiny_patch16_224_avg,raw,224,bilinear,default,rgb,-7,2,20,True,200,,,,
m-forestnet,linear,accuracy,0.5015105740181269,0.47328799962997437,0.5307149887084961,192,0.005455594781168515,,,6464,989,993,0,torchgeo_bench.models.TimmPatchBenchModel,vit_tiny_patch16_224_avg,raw,224,bilinear,default,rgb,-7,2,20,True,200,,,,
m-forestnet,knn5,accuracy,0.3434038267875126,0.3192346394062042,0.36966264247894287,192,,,,6464,989,993,0,torchgeo_bench.models.TimmPatchBenchModel,vit_tiny_patch16_224_cls,raw,224,bilinear,default,rgb,-7,2,20,True,200,,,,
m-forestnet,linear,accuracy,0.4783484390735146,0.45012587308883667,0.5065709948539734,192,0.0006158482110660261,,,6464,989,993,0,torchgeo_bench.models.TimmPatchBenchModel,vit_tiny_patch16_224_cls,raw,224,bilinear,default,rgb,-7,2,20,True,200,,,,
m-forestnet,knn5,accuracy,0.38872104733131924,0.3623615503311157,0.42202919721603394,384,,,,6464,989,993,0,torchgeo_bench.models.TimmPatchBenchModel,vit_small_patch16_224_avg,raw,224,bilinear,default,rgb,-7,2,20,True,200,,,,
m-forestnet,linear,accuracy,0.5206445115810675,0.491440087556839,0.5498489141464233,384,0.01623776739188721,,,6464,989,993,0,torchgeo_bench.models.TimmPatchBenchModel,vit_small_patch16_224_avg,raw,224,bilinear,default,rgb,-7,2,20,True,200,,,,
m-forestnet,knn5,accuracy,0.3726082578046324,0.34639978408813477,0.40181270241737366,384,,,,6464,989,993,0,torchgeo_bench.models.TimmPatchBenchModel,vit_small_patch16_224_cls,raw,224,bilinear,default,rgb,-7,2,20,True,200,,,,
m-forestnet,linear,accuracy,0.5156092648539778,0.4904078543186188,0.5498489141464233,384,0.0006158482110660261,,,6464,989,993,0,torchgeo_bench.models.TimmPatchBenchModel,vit_small_patch16_224_cls,raw,224,bilinear,default,rgb,-7,2,20,True,200,,,,
m-forestnet,knn5,accuracy,0.38972809667673713,0.36251258850097656,0.41591137647628784,768,,,,6464,989,993,0,torchgeo_bench.models.TimmPatchBenchModel,vit_base_patch16_224_avg,raw,224,bilinear,default,rgb,-7,2,20,True,200,,,,
m-forestnet,linear,accuracy,0.5065458207452165,0.48031216859817505,0.5377643704414368,768,0.01623776739188721,,,6464,989,993,0,torchgeo_bench.models.TimmPatchBenchModel,vit_base_patch16_224_avg,raw,224,bilinear,default,rgb,-7,2,20,True,200,,,,
m-forestnet,knn5,accuracy,0.39274924471299094,0.3665156066417694,0.42497482895851135,768,,,,6464,989,993,0,torchgeo_bench.models.TimmPatchBenchModel,vit_base_patch16_224_cls,raw,224,bilinear,default,rgb,-7,2,20,True,200,,,,
m-forestnet,linear,accuracy,0.5347432024169184,0.5095669627189636,0.5650050640106201,768,0.0018329807108324338,,,6464,989,993,0,torchgeo_bench.models.TimmPatchBenchModel,vit_base_patch16_224_cls,raw,224,bilinear,default,rgb,-7,2,20,True,200,,,,
m-forestnet,knn5,accuracy,0.36153071500503525,0.3353222608566284,0.39282476902008057,1024,,,,6464,989,993,0,torchgeo_bench.models.TimmPatchBenchModel,vit_large_patch16_224_avg,raw,224,bilinear,default,rgb,-7,2,20,True,200,,,,
m-forestnet,linear,accuracy,0.5709969788519638,0.538771390914917,0.6002265810966492,1024,0.005455594781168515,,,6464,989,993,0,torchgeo_bench.models.TimmPatchBenchModel,vit_large_patch16_224_avg,raw,224,bilinear,default,rgb,-7,2,20,True,200,,,,
m-forestnet,knn5,accuracy,0.37059415911379656,0.3393756151199341,0.3988167345523834,1024,,,,6464,989,993,0,torchgeo_bench.models.TimmPatchBenchModel,vit_large_patch16_224_cls,raw,224,bilinear,default,rgb,-7,2,20,True,200,,,,
m-forestnet,linear,accuracy,0.5548841893252769,0.5266616344451904,0.5831319093704224,1024,0.0006158482110660261,,,6464,989,993,0,torchgeo_bench.models.TimmPatchBenchModel,vit_large_patch16_224_cls,raw,224,bilinear,default,rgb,-7,2,20,True,200,,,,
m-forestnet,knn5,accuracy,0.37865055387714,0.35244208574295044,0.40788015723228455,1024,,,,6464,989,993,0,torchgeo_bench.models.TimmPatchBenchModel,vit_large_patch16_dinov3_avg,raw,224,bilinear,default,rgb,-7,2,20,True,200,,,,
m-forestnet,linear,accuracy,0.5488418932527693,0.5205941200256348,0.5790534019470215,1024,0.4281332398719387,,,6464,989,993,0,torchgeo_bench.models.TimmPatchBenchModel,vit_large_patch16_dinov3_avg,raw,224,bilinear,default,rgb,-7,2,20,True,200,,,,
m-forestnet,knn5,accuracy,0.36958710976837866,0.34436050057411194,0.39982378482818604,1024,,,,6464,989,993,0,torchgeo_bench.models.TimmPatchBenchModel,vit_large_patch16_dinov3_cls,raw,224,bilinear,default,rgb,-7,2,20,True,200,,,,
m-forestnet,linear,accuracy,0.5518630412890232,0.5236656665802002,0.5780714750289917,1024,0.01623776739188721,,,6464,989,993,0,torchgeo_bench.models.TimmPatchBenchModel,vit_large_patch16_dinov3_cls,raw,224,bilinear,default,rgb,-7,2,20,True,200,,,,
m-forestnet,knn5,accuracy,0.42396777442094663,0.39274924993515015,0.4542296230792999,1024,,,,6464,989,993,0,torchgeo_bench.models.TimmPatchBenchModel,vit_large_patch16_dinov3sat_avg,raw,224,bilinear,default,rgb,-7,2,20,True,200,,,,
m-forestnet,linear,accuracy,0.5709969788519638,0.538771390914917,0.597205400466919,1024,0.14384498882876628,,,6464,989,993,0,torchgeo_bench.models.TimmPatchBenchModel,vit_large_patch16_dinov3sat_avg,raw,224,bilinear,default,rgb,-7,2,20,True,200,,,,
m-forestnet,knn5,accuracy,0.40080563947633435,0.3715760111808777,0.4361027181148529,1024,,,,6464,989,993,0,torchgeo_bench.models.TimmPatchBenchModel,vit_large_patch16_dinov3sat_cls,raw,224,bilinear,default,rgb,-7,2,20,True,200,,,,
m-forestnet,linear,accuracy,0.5659617321248741,0.5307149887084961,0.5941842794418335,1024,0.01623776739188721,,,6464,989,993,0,torchgeo_bench.models.TimmPatchBenchModel,vit_large_patch16_dinov3sat_cls,raw,224,bilinear,default,rgb,-7,2,20,True,200,,,,
m-forestnet,knn5,accuracy,0.3474320241691843,0.32212990522384644,0.37565457820892334,192,,,,6464,989,993,0,torchgeo_bench.models.TimmPatchBenchModel,deit_tiny_patch16_224_avg,raw,224,bilinear,default,rgb,-7,2,20,True,200,,,,
m-forestnet,linear,accuracy,0.49244712990936557,0.46424975991249084,0.5206696391105652,192,0.01623776739188721,,,6464,989,993,0,torchgeo_bench.models.TimmPatchBenchModel,deit_tiny_patch16_224_avg,raw,224,bilinear,default,rgb,-7,2,20,True,200,,,,
m-forestnet,knn5,accuracy,0.36555891238670696,0.33028700947761536,0.39277443289756775,192,,,,6464,989,993,0,torchgeo_bench.models.TimmPatchBenchModel,deit_tiny_patch16_224_cls,raw,224,bilinear,default,rgb,-7,2,20,True,200,,,,
m-forestnet,linear,accuracy,0.4702920443101712,0.44206947088241577,0.4985146224498749,192,0.0002069138081114788,,,6464,989,993,0,torchgeo_bench.models.TimmPatchBenchModel,deit_tiny_patch16_224_cls,raw,224,bilinear,default,rgb,-7,2,20,True,200,,,,
m-forestnet,knn5,accuracy,0.37361530715005037,0.34541791677474976,0.4038267731666565,384,,,,6464,989,993,0,torchgeo_bench.models.TimmPatchBenchModel,deit_small_patch16_224_avg,raw,224,bilinear,default,rgb,-7,2,20,True,200,,,,
m-forestnet,linear,accuracy,0.5347432024169184,0.506495475769043,0.5630413293838501,384,0.01623776739188721,,,6464,989,993,0,torchgeo_bench.models.TimmPatchBenchModel,deit_small_patch16_224_avg,raw,224,bilinear,default,rgb,-7,2,20,True,200,,,,
m-forestnet,knn5,accuracy,0.3504531722054381,0.32225579023361206,0.37671196460723877,384,,,,6464,989,993,0,torchgeo_bench.models.TimmPatchBenchModel,deit_small_patch16_224_cls,raw,224,bilinear,default,rgb,-7,2,20,True,200,,,,
m-forestnet,linear,accuracy,0.5045317220543807,0.4753021001815796,0.5327794551849365,384,0.005455594781168515,,,6464,989,993,0,torchgeo_bench.models.TimmPatchBenchModel,deit_small_patch16_224_cls,raw,224,bilinear,default,rgb,-7,2,20,True,200,,,,
m-forestnet,knn5,accuracy,0.3806646525679758,0.351384699344635,0.4119335412979126,768,,,,6464,989,993,0,torchgeo_bench.models.TimmPatchBenchModel,deit_base_patch16_224_avg,raw,224,bilinear,default,rgb,-7,2,20,True,200,,,,
m-forestnet,linear,accuracy,0.5579053373615307,0.5327290892601013,0.5901309251785278,768,0.005455594781168515,,,6464,989,993,0,torchgeo_bench.models.TimmPatchBenchModel,deit_base_patch16_224_avg,raw,224,bilinear,default,rgb,-7,2,20,True,200,,,,
m-forestnet,knn5,accuracy,0.40181268882175225,0.37560421228408813,0.4290785491466522,768,,,,6464,989,993,0,torchgeo_bench.models.TimmPatchBenchModel,deit_base_patch16_224_cls,raw,224,bilinear,default,rgb,-7,2,20,True,200,,,,
m-forestnet,linear,accuracy,0.5387713997985901,0.510448157787323,0.5680009722709656,768,0.0018329807108324338,,,6464,989,993,0,torchgeo_bench.models.TimmPatchBenchModel,deit_base_patch16_224_cls,raw,224,bilinear,default,rgb,-7,2,20,True,200,,,,
m-pv4ger,knn5,accuracy,0.9419419419419419,0.9268768429756165,0.9599850177764893,192,,,,11814,999,999,0,torchgeo_bench.models.TimmPatchBenchModel,vit_tiny_patch16_224_avg,raw,224,bilinear,default,rgb,-7,2,20,True,200,,,,
m-pv4ger,linear,accuracy,0.955955955955956,0.9429429173469543,0.9679679870605469,192,1.2742749857031321,,,11814,999,999,0,torchgeo_bench.models.TimmPatchBenchModel,vit_tiny_patch16_224_avg,raw,224,bilinear,default,rgb,-7,2,20,True,200,,,,
m-pv4ger,knn5,accuracy,0.954954954954955,0.9429429173469543,0.9679679870605469,192,,,,11814,999,999,0,torchgeo_bench.models.TimmPatchBenchModel,vit_tiny_patch16_224_cls,raw,224,bilinear,default,rgb,-7,2,20,True,200,,,,
m-pv4ger,linear,accuracy,0.9579579579579579,0.9449449181556702,0.9709960222244263,192,0.0006158482110660261,,,11814,999,999,0,torchgeo_bench.models.TimmPatchBenchModel,vit_tiny_patch16_224_cls,raw,224,bilinear,default,rgb,-7,2,20,True,200,,,,
m-pv4ger,knn5,accuracy,0.9519519519519519,0.938913881778717,0.9639890193939209,384,,,,11814,999,999,0,torchgeo_bench.models.TimmPatchBenchModel,vit_small_patch16_224_avg,raw,224,bilinear,default,rgb,-7,2,20,True,200,,,,
m-pv4ger,linear,accuracy,0.968968968968969,0.9569319486618042,0.9810060262680054,384,0.04832930238571752,,,11814,999,999,0,torchgeo_bench.models.TimmPatchBenchModel,vit_small_patch16_224_avg,raw,224,bilinear,default,rgb,-7,2,20,True,200,,,,
m-pv4ger,knn5,accuracy,0.9579579579579579,0.9439439177513123,0.9699950218200684,384,,,,11814,999,999,0,torchgeo_bench.models.TimmPatchBenchModel,vit_small_patch16_224_cls,raw,224,bilinear,default,rgb,-7,2,20,True,200,,,,
m-pv4ger,linear,accuracy,0.9719719719719719,0.9629379510879517,0.9829829931259155,384,0.005455594781168515,,,11814,999,999,0,torchgeo_bench.models.TimmPatchBenchModel,vit_small_patch16_224_cls,raw,224,bilinear,default,rgb,-7,2,20,True,200,,,,
m-pv4ger,knn5,accuracy,0.9529529529529529,0.9409158825874329,0.965965986251831,768,,,,11814,999,999,0,torchgeo_bench.models.TimmPatchBenchModel,vit_base_patch16_224_avg,raw,224,bilinear,default,rgb,-7,2,20,True,200,,,,
m-pv4ger,linear,accuracy,0.9679679679679679,0.9579329490661621,0.9799799919128418,768,0.04832930238571752,,,11814,999,999,0,torchgeo_bench.models.TimmPatchBenchModel,vit_base_patch16_224_avg,raw,224,bilinear,default,rgb,-7,2,20,True,200,,,,
m-pv4ger,knn5,accuracy,0.955955955955956,0.9449449181556702,0.9699699878692627,768,,,,11814,999,999,0,torchgeo_bench.models.TimmPatchBenchModel,vit_base_patch16_224_cls,raw,224,bilinear,default,rgb,-7,2,20,True,200,,,,
m-pv4ger,linear,accuracy,0.96996996996997,0.9609609842300415,0.9809809923171997,768,0.01623776739188721,,,11814,999,999,0,torchgeo_bench.models.TimmPatchBenchModel,vit_base_patch16_224_cls,raw,224,bilinear,default,rgb,-7,2,20,True,200,,,,
m-pv4ger,knn5,accuracy,0.9579579579579579,0.9468968510627747,0.9709960222244263,1024,,,,11814,999,999,0,torchgeo_bench.models.TimmPatchBenchModel,vit_large_patch16_224_avg,raw,224,bilinear,default,rgb,-7,2,20,True,200,,,,
m-pv4ger,linear,accuracy,0.977977977977978,0.9689439535140991,0.9860110282897949,1024,0.01623776739188721,,,11814,999,999,0,torchgeo_bench.models.TimmPatchBenchModel,vit_large_patch16_224_avg,raw,224,bilinear,default,rgb,-7,2,20,True,200,,,,
m-pv4ger,knn5,accuracy,0.9579579579579579,0.9439439177513123,0.9699950218200684,1024,,,,11814,999,999,0,torchgeo_bench.models.TimmPatchBenchModel,vit_large_patch16_224_cls,raw,224,bilinear,default,rgb,-7,2,20,True,200,,,,
m-pv4ger,linear,accuracy,0.974974974974975,0.965965986251831,0.9849849939346313,1024,0.005455594781168515,,,11814,999,999,0,torchgeo_bench.models.TimmPatchBenchModel,vit_large_patch16_224_cls,raw,224,bilinear,default,rgb,-7,2,20,True,200,,,,
m-pv4ger,knn5,accuracy,0.9629629629629629,0.9519519805908203,0.9749749898910522,1024,,,,11814,999,999,0,torchgeo_bench.models.TimmPatchBenchModel,vit_large_patch16_dinov3_avg,raw,224,bilinear,default,rgb,-7,2,20,True,200,,,,
m-pv4ger,linear,accuracy,0.973973973973974,0.9649649858474731,0.9840090274810791,1024,0.14384498882876628,,,11814,999,999,0,torchgeo_bench.models.TimmPatchBenchModel,vit_large_patch16_dinov3_avg,raw,224,bilinear,default,rgb,-7,2,20,True,200,,,,
m-pv4ger,knn5,accuracy,0.9769769769769769,0.9679679870605469,0.9850350618362427,1024,,,,11814,999,999,0,torchgeo_bench.models.TimmPatchBenchModel,vit_large_patch16_dinov3_cls,raw,224,bilinear,default,rgb,-7,2,20,True,200,,,,
m-pv4ger,linear,accuracy,0.977977977977978,0.969944953918457,0.9870120286941528,1024,0.14384498882876628,,,11814,999,999,0,torchgeo_bench.models.TimmPatchBenchModel,vit_large_patch16_dinov3_cls,raw,224,bilinear,default,rgb,-7,2,20,True,200,,,,
m-pv4ger,knn5,accuracy,0.93993993993994,0.9259259104728699,0.9549800157546997,1024,,,,11814,999,999,0,torchgeo_bench.models.TimmPatchBenchModel,vit_large_patch16_dinov3sat_avg,raw,224,bilinear,default,rgb,-7,2,20,True,200,,,,
m-pv4ger,linear,accuracy,0.9629629629629629,0.9529529809951782,0.9749749898910522,1024,11.288378916846883,,,11814,999,999,0,torchgeo_bench.models.TimmPatchBenchModel,vit_large_patch16_dinov3sat_avg,raw,224,bilinear,default,rgb,-7,2,20,True,200,,,,
m-pv4ger,knn5,accuracy,0.9359359359359359,0.923923909664154,0.951977014541626,1024,,,,11814,999,999,0,torchgeo_bench.models.TimmPatchBenchModel,vit_large_patch16_dinov3sat_cls,raw,224,bilinear,default,rgb,-7,2,20,True,200,,,,
m-pv4ger,linear,accuracy,0.965965965965966,0.955955982208252,0.9769769906997681,1024,0.14384498882876628,,,11814,999,999,0,torchgeo_bench.models.TimmPatchBenchModel,vit_large_patch16_dinov3sat_cls,raw,224,bilinear,default,rgb,-7,2,20,True,200,,,,
m-pv4ger,knn5,accuracy,0.9369369369369369,0.9219219088554382,0.9539539813995361,192,,,,11814,999,999,0,torchgeo_bench.models.TimmPatchBenchModel,deit_tiny_patch16_224_avg,raw,224,bilinear,default,rgb,-7,2,20,True,200,,,,
m-pv4ger,linear,accuracy,0.9569569569569569,0.9449198842048645,0.9719719886779785,192,0.4281332398719387,,,11814,999,999,0,torchgeo_bench.models.TimmPatchBenchModel,deit_tiny_patch16_224_avg,raw,224,bilinear,default,rgb,-7,2,20,True,200,,,,
m-pv4ger,knn5,accuracy,0.948948948948949,0.935935914516449,0.9610110521316528,192,,,,11814,999,999,0,torchgeo_bench.models.TimmPatchBenchModel,deit_tiny_patch16_224_cls,raw,224,bilinear,default,rgb,-7,2,20,True,200,,,,
m-pv4ger,linear,accuracy,0.955955955955956,0.9438688158988953,0.9699699878692627,192,0.14384498882876628,,,11814,999,999,0,torchgeo_bench.models.TimmPatchBenchModel,deit_tiny_patch16_224_cls,raw,224,bilinear,default,rgb,-7,2,20,True,200,,,,
m-pv4ger,knn5,accuracy,0.938938938938939,0.9238988757133484,0.9549800157546997,384,,,,11814,999,999,0,torchgeo_bench.models.TimmPatchBenchModel,deit_small_patch16_224_avg,raw,224,bilinear,default,rgb,-7,2,20,True,200,,,,
m-pv4ger,linear,accuracy,0.95995995995996,0.949924886226654,0.9729729890823364,384,0.4281332398719387,,,11814,999,999,0,torchgeo_bench.models.TimmPatchBenchModel,deit_small_patch16_224_avg,raw,224,bilinear,default,rgb,-7,2,20,True,200,,,,
m-pv4ger,knn5,accuracy,0.9579579579579579,0.9439439177513123,0.9699699878692627,384,,,,11814,999,999,0,torchgeo_bench.models.TimmPatchBenchModel,deit_small_patch16_224_cls,raw,224,bilinear,default,rgb,-7,2,20,True,200,,,,
m-pv4ger,linear,accuracy,0.9669669669669669,0.954954981803894,0.9769769906997681,384,3.792690190732246,,,11814,999,999,0,torchgeo_bench.models.TimmPatchBenchModel,deit_small_patch16_224_cls,raw,224,bilinear,default,rgb,-7,2,20,True,200,,,,
m-pv4ger,knn5,accuracy,0.958958958958959,0.9469218850135803,0.9709960222244263,768,,,,11814,999,999,0,torchgeo_bench.models.TimmPatchBenchModel,deit_base_patch16_224_avg,raw,224,bilinear,default,rgb,-7,2,20,True,200,,,,
m-pv4ger,linear,accuracy,0.970970970970971,0.9609609842300415,0.9809809923171997,768,0.005455594781168515,,,11814,999,999,0,torchgeo_bench.models.TimmPatchBenchModel,deit_base_patch16_224_avg,raw,224,bilinear,default,rgb,-7,2,20,True,200,,,,
m-pv4ger,knn5,accuracy,0.95995995995996,0.9458958506584167,0.9709960222244263,768,,,,11814,999,999,0,torchgeo_bench.models.TimmPatchBenchModel,deit_base_patch16_224_cls,raw,224,bilinear,default,rgb,-7,2,20,True,200,,,,
m-pv4ger,linear,accuracy,0.968968968968969,0.9589589834213257,0.9799799919128418,768,0.0006158482110660261,,,11814,999,999,0,torchgeo_bench.models.TimmPatchBenchModel,deit_base_patch16_224_cls,raw,224,bilinear,default,rgb,-7,2,20,True,200,,,,
m-so2sat,knn5,accuracy,0.39655172413793105,0.3681541681289673,0.43007099628448486,192,,,,19992,986,986,0,torchgeo_bench.models.TimmPatchBenchModel,vit_tiny_patch16_224_avg,raw,224,bilinear,default,rgb,-7,2,20,True,200,,,,
m-so2sat,linear,accuracy,0.5740365111561866,0.5435852408409119,0.6055527329444885,192,1.2742749857031321,,,19992,986,986,0,torchgeo_bench.models.TimmPatchBenchModel,vit_tiny_patch16_224_avg,raw,224,bilinear,default,rgb,-7,2,20,True,200,,,,
m-so2sat,knn5,accuracy,0.38235294117647056,0.35598376393318176,0.41790062189102173,192,,,,19992,986,986,0,torchgeo_bench.models.TimmPatchBenchModel,vit_tiny_patch16_224_cls,raw,224,bilinear,default,rgb,-7,2,20,True,200,,,,
m-so2sat,linear,accuracy,0.5963488843813387,0.5649087429046631,0.6298427581787109,192,0.0018329807108324338,,,19992,986,986,0,torchgeo_bench.models.TimmPatchBenchModel,vit_tiny_patch16_224_cls,raw,224,bilinear,default,rgb,-7,2,20,True,200,,,,
m-so2sat,knn5,accuracy,0.44523326572008115,0.4188133776187897,0.4736308455467224,384,,,,19992,986,986,0,torchgeo_bench.models.TimmPatchBenchModel,vit_small_patch16_224_avg,raw,224,bilinear,default,rgb,-7,2,20,True,200,,,,
m-so2sat,linear,accuracy,0.6156186612576064,0.586105465888977,0.6430273652076721,384,0.005455594781168515,,,19992,986,986,0,torchgeo_bench.models.TimmPatchBenchModel,vit_small_patch16_224_avg,raw,224,bilinear,default,rgb,-7,2,20,True,200,,,,
m-so2sat,knn5,accuracy,0.4249492900608519,0.3985547721385956,0.45436105132102966,384,,,,19992,986,986,0,torchgeo_bench.models.TimmPatchBenchModel,vit_small_patch16_224_cls,raw,224,bilinear,default,rgb,-7,2,20,True,200,,,,
m-so2sat,linear,accuracy,0.6156186612576064,0.5862069129943848,0.6430020332336426,384,0.0006158482110660261,,,19992,986,986,0,torchgeo_bench.models.TimmPatchBenchModel,vit_small_patch16_224_cls,raw,224,bilinear,default,rgb,-7,2,20,True,200,,,,
m-so2sat,knn5,accuracy,0.4178498985801217,0.38742393255233765,0.4493407905101776,768,,,,19992,986,986,0,torchgeo_bench.models.TimmPatchBenchModel,vit_base_patch16_224_avg,raw,224,bilinear,default,rgb,-7,2,20,True,200,,,,
m-so2sat,linear,accuracy,0.59026369168357,0.5598376989364624,0.6217291951179504,768,0.005455594781168515,,,19992,986,986,0,torchgeo_bench.models.TimmPatchBenchModel,vit_base_patch16_224_avg,raw,224,bilinear,default,rgb,-7,2,20,True,200,,,,
m-so2sat,knn5,accuracy,0.4300202839756592,0.4055781066417694,0.45846858620643616,768,,,,19992,986,986,0,torchgeo_bench.models.TimmPatchBenchModel,vit_base_patch16_224_cls,raw,224,bilinear,default,rgb,-7,2,20,True,200,,,,
m-so2sat,linear,accuracy,0.5933062880324543,0.5669118165969849,0.6257860064506531,768,0.0006158482110660261,,,19992,986,986,0,torchgeo_bench.models.TimmPatchBenchModel,vit_base_patch16_224_cls,raw,224,bilinear,default,rgb,-7,2,20,True,200,,,,
m-so2sat,knn5,accuracy,0.4330628803245436,0.4036511182785034,0.4665567874908447,1024,,,,19992,986,986,0,torchgeo_bench.models.TimmPatchBenchModel,vit_large_patch16_224_avg,raw,224,bilinear,default,rgb,-7,2,20,True,200,,,,
m-so2sat,linear,accuracy,0.6612576064908722,0.6297920942306519,0.6877028346061707,1024,0.005455594781168515,,,19992,986,986,0,torchgeo_bench.models.TimmPatchBenchModel,vit_large_patch16_224_avg,raw,224,bilinear,default,rgb,-7,2,20,True,200,,,,
m-so2sat,knn5,accuracy,0.46247464503042596,0.43103447556495667,0.4909229278564453,1024,,,,19992,986,986,0,torchgeo_bench.models.TimmPatchBenchModel,vit_large_patch16_224_cls,raw,224,bilinear,default,rgb,-7,2,20,True,200,,,,
m-so2sat,linear,accuracy,0.6440162271805274,0.6105223298072815,0.6744675040245056,1024,0.0002069138081114788,,,19992,986,986,0,torchgeo_bench.models.TimmPatchBenchModel,vit_large_patch16_224_cls,raw,224,bilinear,default,rgb,-7,2,20,True,200,,,,
m-so2sat,knn5,accuracy,0.4908722109533469,0.4573782980442047,0.520309329032898,1024,,,,19992,986,986,0,torchgeo_bench.models.TimmPatchBenchModel,vit_large_patch16_dinov3_avg,raw,224,bilinear,default,rgb,-7,2,20,True,200,,,,
m-so2sat,linear,accuracy,0.678498985801217,0.6490872502326965,0.7079107761383057,1024,0.04832930238571752,,,19992,986,986,0,torchgeo_bench.models.TimmPatchBenchModel,vit_large_patch16_dinov3_avg,raw,224,bilinear,default,rgb,-7,2,20,True,200,,,,
m-so2sat,knn5,accuracy,0.4685598377281947,0.4401369094848633,0.4970334470272064,1024,,,,19992,986,986,0,torchgeo_bench.models.TimmPatchBenchModel,vit_large_patch16_dinov3_cls,raw,224,bilinear,default,rgb,-7,2,20,True,200,,,,
m-so2sat,linear,accuracy,0.6663286004056795,0.6328093409538269,0.6948022246360779,1024,0.005455594781168515,,,19992,986,986,0,torchgeo_bench.models.TimmPatchBenchModel,vit_large_patch16_dinov3_cls,raw,224,bilinear,default,rgb,-7,2,20,True,200,,,,
m-so2sat,knn5,accuracy,0.4340770791075051,0.4045892655849457,0.4614858031272888,1024,,,,19992,986,986,0,torchgeo_bench.models.TimmPatchBenchModel,vit_large_patch16_dinov3sat_avg,raw,224,bilinear,default,rgb,-7,2,20,True,200,,,,
m-so2sat,linear,accuracy,0.6531440162271805,0.6206896305084229,0.6876267790794373,1024,0.14384498882876628,,,19992,986,986,0,torchgeo_bench.models.TimmPatchBenchModel,vit_large_patch16_dinov3sat_avg,raw,224,bilinear,default,rgb,-7,2,20,True,200,,,,
m-so2sat,knn5,accuracy,0.4279918864097363,0.39546146988868713,0.4614604413509369,1024,,,,19992,986,986,0,torchgeo_bench.models.TimmPatchBenchModel,vit_large_patch16_dinov3sat_cls,raw,224,bilinear,default,rgb,-7,2,20,True,200,,,,
m-so2sat,linear,accuracy,0.6774847870182555,0.6480222940444946,0.7068965435028076,1024,0.04832930238571752,,,19992,986,986,0,torchgeo_bench.models.TimmPatchBenchModel,vit_large_patch16_dinov3sat_cls,raw,224,bilinear,default,rgb,-7,2,20,True,200,,,,
m-so2sat,knn5,accuracy,0.4340770791075051,0.40664300322532654,0.46247464418411255,192,,,,19992,986,986,0,torchgeo_bench.models.TimmPatchBenchModel,deit_tiny_patch16_224_avg,raw,224,bilinear,default,rgb,-7,2,20,True,200,,,,
m-so2sat,linear,accuracy,0.5973630831643002,0.5688133835792542,0.6267748475074768,192,0.04832930238571752,,,19992,986,986,0,torchgeo_bench.models.TimmPatchBenchModel,deit_tiny_patch16_224_avg,raw,224,bilinear,default,rgb,-7,2,20,True,200,,,,
m-so2sat,knn5,accuracy,0.38336713995943206,0.3519269824028015,0.41389453411102295,192,,,,19992,986,986,0,torchgeo_bench.models.TimmPatchBenchModel,deit_tiny_patch16_224_cls,raw,224,bilinear,default,rgb,-7,2,20,True,200,,,,
m-so2sat,linear,accuracy,0.5750507099391481,0.5445740222930908,0.6085445880889893,192,0.0018329807108324338,,,19992,986,986,0,torchgeo_bench.models.TimmPatchBenchModel,deit_tiny_patch16_224_cls,raw,224,bilinear,default,rgb,-7,2,20,True,200,,,,
m-so2sat,knn5,accuracy,0.4300202839756592,0.4015212953090668,0.4625000059604645,384,,,,19992,986,986,0,torchgeo_bench.models.TimmPatchBenchModel,deit_small_patch16_224_avg,raw,224,bilinear,default,rgb,-7,2,20,True,200,,,,
m-so2sat,linear,accuracy,0.5993914807302231,0.5699543952941895,0.6277890205383301,384,0.01623776739188721,,,19992,986,986,0,torchgeo_bench.models.TimmPatchBenchModel,deit_small_patch16_224_avg,raw,224,bilinear,default,rgb,-7,2,20,True,200,,,,
m-so2sat,knn5,accuracy,0.3995943204868154,0.3732251524925232,0.43207404017448425,384,,,,19992,986,986,0,torchgeo_bench.models.TimmPatchBenchModel,deit_small_patch16_224_cls,raw,224,bilinear,default,rgb,-7,2,20,True,200,,,,
m-so2sat,linear,accuracy,0.6044624746450304,0.5750507116317749,0.6328600645065308,384,0.01623776739188721,,,19992,986,986,0,torchgeo_bench.models.TimmPatchBenchModel,deit_small_patch16_224_cls,raw,224,bilinear,default,rgb,-7,2,20,True,200,,,,
m-so2sat,knn5,accuracy,0.40365111561866124,0.3752281963825226,0.4361562132835388,768,,,,19992,986,986,0,torchgeo_bench.models.TimmPatchBenchModel,deit_base_patch16_224_avg,raw,224,bilinear,default,rgb,-7,2,20,True,200,,,,
m-so2sat,linear,accuracy,0.6196754563894523,0.592292070388794,0.648098349571228,768,0.01623776739188721,,,19992,986,986,0,torchgeo_bench.models.TimmPatchBenchModel,deit_base_patch16_224_avg,raw,224,bilinear,default,rgb,-7,2,20,True,200,,,,
m-so2sat,knn5,accuracy,0.40872210953346855,0.37013182044029236,0.4381338655948639,768,,,,19992,986,986,0,torchgeo_bench.models.TimmPatchBenchModel,deit_base_patch16_224_cls,raw,224,bilinear,default,rgb,-7,2,20,True,200,,,,
m-so2sat,linear,accuracy,0.6064908722109533,0.5800963640213013,0.6379310488700867,768,0.01623776739188721,,,19992,986,986,0,torchgeo_bench.models.TimmPatchBenchModel,deit_base_patch16_224_cls,raw,224,bilinear,default,rgb,-7,2,20,True,200,,,,
